Model,Accuracy
2009-2013,0.9661497922367488
2014-2018,0.9617918313570487
all_time,0.9607783520826999
2019-2023,0.9573325225499139
recent,0.9492246883551232
